INSERT INTO Shopping_List(id, name, creation_date, due_date, finished_flag)
VALUES (100L, 'test1', '2023-08-01 14:11:06.187', '2023-08-01 14:11:06.187', false);
INSERT INTO Shopping_List(id, name, creation_date, due_date, finished_flag)
VALUES (101L, 'test2', '2023-08-01 14:11:06.187', '2023-08-01 14:11:06.187', false);
INSERT INTO Shopping_List(id, name, creation_date, due_date, finished_flag)
VALUES (102L, 'test3', '2023-08-01 14:11:06.187', '2023-08-01 14:11:06.187', false);
INSERT INTO Shopping_List(id, name, creation_date, due_date, finished_flag)
VALUES (103L, 'test4', '2023-08-01 14:11:06.187', '2023-08-01 14:11:06.187', false);
INSERT INTO Shopping_List(id, name, creation_date, due_date, finished_flag)
VALUES (104L, 'test5', '2023-08-01 14:11:06.187', '2023-08-01 14:11:06.187', false);
INSERT INTO Shopping_List(id, name, creation_date, due_date, finished_flag)
VALUES (105L, 'test6', '2023-08-01 14:11:06.187', '2023-08-01 14:11:06.187', false);
INSERT INTO Shopping_List(id, name, creation_date, due_date, finished_flag)
VALUES (106L, 'test7', '2023-08-01 14:11:06.187', '2023-08-01 14:11:06.187', false);
INSERT INTO Shopping_List(id, name, creation_date, due_date, finished_flag)
VALUES (107L, 'test8', '2023-08-01 14:11:06.187', '2023-08-01 14:11:06.187', false);
INSERT INTO Shopping_List(id, name, creation_date, due_date, finished_flag)
VALUES (108L, 'test9', '2023-08-01 14:11:06.187', '2023-08-01 14:11:06.187', true);
INSERT INTO Shopping_List(id, name, creation_date, due_date, finished_flag)
VALUES (109L, 'test10', '2023-08-01 14:11:06.187', '2023-08-01 14:11:06.187', false);
INSERT INTO Shopping_List(id, name, creation_date, due_date, finished_flag)
VALUES (110L, 'test11', '2023-08-01 14:11:06.187', '2023-08-01 14:11:06.187', false);
INSERT INTO Shopping_List(id, name, creation_date, due_date, finished_flag)
VALUES (111L, 'test12', '2023-08-01 14:11:06.187', '2023-08-01 14:11:06.187', false);
INSERT INTO Shopping_List(id, name, creation_date, due_date, finished_flag)
VALUES (112L, 'test13', '2023-08-01 14:11:06.187', '2023-08-01 14:11:06.187', true);
INSERT INTO Shopping_List(id, name, creation_date, due_date, finished_flag)
VALUES (113L, 'test14', '2023-08-01 14:11:06.187', '2023-08-01 14:11:06.187', false);
INSERT INTO Shopping_List(id, name, creation_date, due_date, finished_flag)
VALUES (114L, 'test15', '2023-08-01 14:11:06.187', '2023-08-01 14:11:06.187', false);
INSERT INTO Shopping_List(id, name, creation_date, due_date, finished_flag)
VALUES (115L, 'test16', '2023-08-01 14:11:06.187', '2023-08-01 14:11:06.187', false);
INSERT INTO Shopping_List(id, name, creation_date, due_date, finished_flag)
VALUES (116L, 'test17', '2023-08-01 14:11:06.187', '2023-08-01 14:11:06.187', false);
INSERT INTO Shopping_List(id, name, creation_date, due_date, finished_flag)
VALUES (117L, 'test18', '2023-08-01 14:11:06.187', '2023-08-01 14:11:06.187', false);
INSERT INTO Shopping_List(id, name, creation_date, due_date, finished_flag)
VALUES (118L, 'test19', '2023-08-01 14:11:06.187', '2023-08-01 14:11:06.187', false);
INSERT INTO Shopping_List(id, name, creation_date, due_date, finished_flag)
VALUES (119L, 'test20', '2023-08-01 14:11:06.187', '2023-08-01 14:11:06.187', false);
INSERT INTO Shopping_List(id, name, creation_date, due_date, finished_flag)
VALUES (120L, 'test21', '2023-08-01 14:11:06.187', '2023-08-01 14:11:06.187', false);
INSERT INTO Shopping_List(id, name, creation_date, due_date, finished_flag)
VALUES (121L, 'test22', '2023-08-01 14:11:06.187', '2023-08-01 14:11:06.187', false);
INSERT INTO Shopping_List(id, name, creation_date, due_date, finished_flag)
VALUES (122L, 'test23', '2023-08-01 14:11:06.187', '2023-08-01 14:11:06.187', false);
INSERT INTO Shopping_List(id, name, creation_date, due_date, finished_flag)
VALUES (123L, 'test24', '2023-08-01 14:11:06.187', '2023-08-01 14:11:06.187', false);
INSERT INTO Shopping_List(id, name, creation_date, due_date, finished_flag)
VALUES (124L, 'Shopping List for Today', null, null, true);

INSERT INTO Shopping_List_Entitled_Users(entitled_usernames, shopping_list_id)
VALUES ('andre123', 100L);
INSERT INTO Shopping_List_Entitled_Users(entitled_usernames, shopping_list_id)
VALUES ('test1', 100L);
INSERT INTO Shopping_List_Entitled_Users(entitled_usernames, shopping_list_id)
VALUES ('andre123', 101L);
INSERT INTO Shopping_List_Entitled_Users(entitled_usernames, shopping_list_id)
VALUES ('andre123', 102L);
INSERT INTO Shopping_List_Entitled_Users(entitled_usernames, shopping_list_id)
VALUES ('andre123', 103L);
INSERT INTO Shopping_List_Entitled_Users(entitled_usernames, shopping_list_id)
VALUES ('andre123', 104L);
INSERT INTO Shopping_List_Entitled_Users(entitled_usernames, shopping_list_id)
VALUES ('andre123', 105L);
INSERT INTO Shopping_List_Entitled_Users(entitled_usernames, shopping_list_id)
VALUES ('andre123', 106L);
INSERT INTO Shopping_List_Entitled_Users(entitled_usernames, shopping_list_id)
VALUES ('andre123', 107L);
INSERT INTO Shopping_List_Entitled_Users(entitled_usernames, shopping_list_id)
VALUES ('andre123', 108L);
INSERT INTO Shopping_List_Entitled_Users(entitled_usernames, shopping_list_id)
VALUES ('andre123', 109L);
INSERT INTO Shopping_List_Entitled_Users(entitled_usernames, shopping_list_id)
VALUES ('andre123', 110L);
INSERT INTO Shopping_List_Entitled_Users(entitled_usernames, shopping_list_id)
VALUES ('andre123', 111L);
INSERT INTO Shopping_List_Entitled_Users(entitled_usernames, shopping_list_id)
VALUES ('andre123', 112L);
INSERT INTO Shopping_List_Entitled_Users(entitled_usernames, shopping_list_id)
VALUES ('andre123', 113L);
INSERT INTO Shopping_List_Entitled_Users(entitled_usernames, shopping_list_id)
VALUES ('andre123', 114L);
INSERT INTO Shopping_List_Entitled_Users(entitled_usernames, shopping_list_id)
VALUES ('andre123', 115L);
INSERT INTO Shopping_List_Entitled_Users(entitled_usernames, shopping_list_id)
VALUES ('andre123', 116L);
INSERT INTO Shopping_List_Entitled_Users(entitled_usernames, shopping_list_id)
VALUES ('andre123', 117L);
INSERT INTO Shopping_List_Entitled_Users(entitled_usernames, shopping_list_id)
VALUES ('andre123', 118L);
INSERT INTO Shopping_List_Entitled_Users(entitled_usernames, shopping_list_id)
VALUES ('andre123', 119L);
INSERT INTO Shopping_List_Entitled_Users(entitled_usernames, shopping_list_id)
VALUES ('andre123', 120L);
INSERT INTO Shopping_List_Entitled_Users(entitled_usernames, shopping_list_id)
VALUES ('andre123', 121L);
INSERT INTO Shopping_List_Entitled_Users(entitled_usernames, shopping_list_id)
VALUES ('andre123', 122L);
INSERT INTO Shopping_List_Entitled_Users(entitled_usernames, shopping_list_id)
VALUES ('andre123', 123L);
INSERT INTO Shopping_List_Entitled_Users(entitled_usernames, shopping_list_id)
VALUES ('utz123', 124L);
INSERT INTO Shopping_List_Entitled_Users(entitled_usernames, shopping_list_id)
VALUES ('andre123', 124L);

INSERT INTO Shopping_Item(id, shopping_list_id, article_name, comment, quantity)
VALUES (100L, 100L, 'testArticle', 'testComment', 'testQuantiy');
INSERT INTO Shopping_Item(id, shopping_list_id, article_name, comment, quantity)
VALUES (101L, 100L, 'testArticle1', 'testComment2', 'testQuantiy3');
INSERT INTO Shopping_Item(id, shopping_list_id, article_name, comment, quantity)
VALUES (124L, 124L, 'Brot', 'Vom guten Baecker', '1 Leib');
INSERT INTO Shopping_Item(id, shopping_list_id, article_name, comment, quantity)
VALUES (125L, 124L, 'Kaese', 'Scheibenkaese, kein ganzer', '1 Packung');